source_ref,title,authority,url
"MB","Miljöbalk (1998:808)","Sveriges riksdag","https://www.riksdagen.se/sv/dokument-och-lagar/dokument/svensk-forfattningssamling/miljobalk-1998808_sfs-1998-808/"
"MPF","Miljöprövningsförordning (2013:251)","Sveriges riksdag","https://www.riksdagen.se/sv/dokument-och-lagar/dokument/svensk-forfattningssamling/miljoprovningsforordning-2013251_sfs-2013-251/"
"MBD","Miljöbedömningsförordning (2017:966)","Sveriges riksdag","https://www.riksdagen.se/sv/dokument-och-lagar/dokument/svensk-forfattningssamling/miljobedomningsforordning-2017966_sfs-2017-966/"
"FMH","Förordning (1998:899) om miljöfarlig verksamhet och hälsoskydd","Sveriges riksdag","https://www.riksdagen.se/sv/dokument-och-lagar/dokument/svensk-forfattningssamling/forordning-1998899-om-miljofarlig-verksamhet_sfs-1998-899/"
"MPD","Förordning (2011:1237) om miljöprövningsdelegationer","Sveriges riksdag","https://www.riksdagen.se/sv/dokument-och-lagar/dokument/svensk-forfattningssamling/forordning-20111237-om_sfs-2011-1237/"
"FVV","Förordning (1998:1388) om vattenverksamheter","Sveriges riksdag","https://www.riksdagen.se/sv/dokument-och-lagar/dokument/svensk-forfattningssamling/forordning-19981388-om-vattenverksamheter_sfs-1998-1388/"
"LVV","Lag (1998:812) med särskilda bestämmelser om vattenverksamhet","Sveriges riksdag","https://www.riksdagen.se/sv/dokument-och-lagar/dokument/svensk-forfattningssamling/lag-1998812-med-sarskilda-bestammelser-om_sfs-1998-812/"
"MMDL","Lag (2010:921) om mark- och miljödomstolar","Sveriges riksdag","https://www.riksdagen.se/sv/dokument-och-lagar/dokument/svensk-forfattningssamling/lag-2010921-om-mark-och-miljodomstolar_sfs-2010-921/"
"SFS2026_400","SFS 2026:400 – ändringar i miljöbalken","Svensk författningssamling","https://www.svenskforfattningssamling.se/sites/default/files/sfs/2026-04/SFS2026-400.pdf"
"RENEWABLE","Lag (2026:399) om verksamheter och åtgärder för förnybar energi","Sveriges riksdag","https://www.riksdagen.se/sv/dokument-och-lagar/dokument/svensk-forfattningssamling/lag-2026399-om-verksamheter-och-atgarder-for_sfs-2026-399/"
"NV_PERMIT","Så går en tillståndsprövning enligt miljöbalken till","Naturvårdsverket","https://www.naturvardsverket.se/vagledning-och-stod/miljobalken/tillstandsprovning-enligt-miljobalken/"
"NV_EIA","Specifik miljöbedömning","Naturvårdsverket","https://www.naturvardsverket.se/vagledning-och-stod/miljobalken/miljobedomningar/specifik-miljobedomning/"
"COURT_MFV","Miljöfarlig verksamhet – så prövas ansökan","Sveriges Domstolar","https://www.domstol.se/amnen/mark-och-miljo/miljotillstand/miljofarlig-verksamhet/"
"COURT_WV","Vattenverksamhet – så prövas ansökan","Sveriges Domstolar","https://www.domstol.se/amnen/mark-och-miljo/miljotillstand/vattenverksamhet/"
"COURT_APPEAL","Överklaga till Mark- och miljööverdomstolen","Sveriges Domstolar","https://www.domstol.se/mark--och-miljooverdomstolen/amnen/missnojd-med-dom-eller-handlaggning/overklaga-en-dom/overklaga-till-mark--och-miljooverdomstolen/"
"HAV_WV","Anmälan om vattenverksamhet","Havs- och vattenmyndigheten","https://www.havochvatten.se/arbete-i-vatten-utslapp-till-vatten-och-energiproduktion/vattenverksamhet-och-utslapp-till-vatten/anmalan-om-vattenverksamhet.html"
"NATURA","Natura 2000 i Sverige","Naturvårdsverket","https://www.naturvardsverket.se/vagledning-och-stod/skyddad-natur/natura-2000-i-sverige/"
"ART","Artskydd i specifik miljöbedömning","Naturvårdsverket","https://www.naturvardsverket.se/vagledning-och-stod/miljobalken/miljobedomningar/specifik-miljobedomning/biologisk-mangfald-i-miljobedomning/artskydd-i-specifik-miljobedomning/"
"STRAND","Strandskydd","Naturvårdsverket","https://www.naturvardsverket.se/amnesomraden/skyddad-natur/olika-former-av-naturskydd/strandskydd/"
"KML","Kulturmiljölag (1988:950)","Sveriges riksdag","https://www.riksdagen.se/sv/dokument-och-lagar/dokument/svensk-forfattningssamling/kulturmiljolag-1988950_sfs-1988-950/"
"PBL","Plan- och bygglag (2010:900)","Sveriges riksdag","https://www.riksdagen.se/sv/dokument-och-lagar/dokument/svensk-forfattningssamling/plan--och-bygglag-2010900_sfs-2010-900/"
"PBL_PLAN","Hur en detaljplan tas fram","Boverket","https://www.boverket.se/sv/samhallsplanering/sa-planeras-sverige/kommunal-planering/detaljplanering/guide-detaljplan/"
"PBL_START","Startbesked","Boverket","https://www.boverket.se/sv/PBL-kunskapsbanken/lov--byggande/byggprocessen/startbesked/"
"EI_GRID","Tillståndsprocessen för kraftledning","Energimarknadsinspektionen","https://ei.se/bransch/koncessioner/det-har-gor-ei-inom-koncessioner/tillstandsprocessen-for-kraftledning"
"SGU_MINING","Sammanfattning av regelsystemet för gruvor","SGU/Bergsstaten","https://www.sgu.se/bergsstaten/lagstiftning/sammanfattning-av-regelsystemet/"
"NEW_AUTH","Ny myndighet för miljöprövning – betänkande 2025/26:MJU24","Sveriges riksdag","https://www.riksdagen.se/sv/dokument-och-lagar/dokument/betankande/ny-myndighet-for-miljoprovning_hd01mju24/"
"SFS2026_1442","SFS 2026:1442 – Miljöprövningsmyndigheten, ändring i miljöbalken","Svensk författningssamling","https://svenskforfattningssamling.se/doc/20261442.html"
"SFS2026_1443","SFS 2026:1443 – följdändringar för Miljöprövningsmyndigheten","Svensk författningssamling","https://svenskforfattningssamling.se/doc/20261443.html"
"SFS2026_1444","SFS 2026:1444 – följdändringar för Miljöprövningsmyndigheten","Svensk författningssamling","https://svenskforfattningssamling.se/doc/20261444.html"
"ARTSKYDD","Artskyddsförordning (2007:845)","Sveriges riksdag","https://www.riksdagen.se/sv/dokument-och-lagar/dokument/svensk-forfattningssamling/artskyddsforordning-2007845_sfs-2007-845/"
"ELLAG","Ellag (1997:857)","Sveriges riksdag","https://www.riksdagen.se/sv/dokument-och-lagar/dokument/svensk-forfattningssamling/ellag-1997857_sfs-1997-857/"
"MINERALLAG","Minerallag (1991:45)","Sveriges riksdag","https://www.riksdagen.se/sv/dokument-och-lagar/dokument/svensk-forfattningssamling/minerallag-199145_sfs-1991-45/"
"VAGLAG","Väglag (1971:948)","Sveriges riksdag","https://www.riksdagen.se/sv/dokument-och-lagar/dokument/svensk-forfattningssamling/vaglag-1971948_sfs-1971-948/"
"JARNVAGSLAG","Lag (1995:1649) om byggande av järnväg","Sveriges riksdag","https://www.riksdagen.se/sv/dokument-och-lagar/dokument/svensk-forfattningssamling/lag-19951649-om-byggande-av-jarnvag_sfs-1995-1649/"
"TRAFIKVERKET_PLAN","Så planerar och utreder Trafikverket väg- och järnvägsåtgärder","Trafikverket","https://www.trafikverket.se/om-oss/var-verksamhet-vision-och-uppdrag/sa-har-planerar-och-utreder-vi-atgarder-pa-vag-och-jarnvagen/"
"SEVESO","Förordning (2015:236) om åtgärder för att förebygga och begränsa följderna av allvarliga kemikalieolyckor","Sveriges riksdag","https://www.riksdagen.se/sv/dokument-och-lagar/dokument/svensk-forfattningssamling/forordning-2015236-om-atgarder-for-att_sfs-2015-236/"
